{
  "hash": "f42d36cd",
  "configHash": "2f7f30ef",
  "lockfileHash": "2048769a",
  "browserHash": "55fa353e",
  "optimized": {
    "@angular/core": {
      "src": "../../../../../node_modules/@angular/core/fesm2022/core.mjs",
      "file": "@angular_core.js",
      "fileHash": "c2cf918b",
      "needsInterop": false
    },
    "@angular/platform-browser": {
      "src": "../../../../../node_modules/@angular/platform-browser/fesm2022/platform-browser.mjs",
      "file": "@angular_platform-browser.js",
      "fileHash": "766e67f4",
      "needsInterop": false
    },
    "@angular/router": {
      "src": "../../../../../node_modules/@angular/router/fesm2022/router.mjs",
      "file": "@angular_router.js",
      "fileHash": "a5a4aee4",
      "needsInterop": false
    }
  },
  "chunks": {
    "chunk-3QQCNWPJ": {
      "file": "chunk-3QQCNWPJ.js"
    },
    "chunk-ORK62JUO": {
      "file": "chunk-ORK62JUO.js"
    }
  }
}