[
  {
    "name": "Customer Assurance Liaison",
    "image": "https://picsum.photos/640/480",
    "description": "Vel voluptatem id repudiandae aut omnis. Deleniti tempore aliquam quia magnam eos. Sunt saepe nisi delectus.",
    "dateLastEdited": "2018-05-19T12:33:25.545Z"
  },
  {
    "name": "Dynamic Infrastructure Designer",
    "image": "https://picsum.photos/640/480",
    "description": "Quaerat in rerum. Possimus reprehenderit provident ea voluptatem qui et enim. Ducimus ea soluta esse modi quia.",
    "dateLastEdited": "2017-11-28T04:59:13.759Z"
  },
  {
    "name": "Regional Configuration Designer",
    "image": "https://picsum.photos/640/480",
    "description": "Rerum voluptatibus deleniti. Et quo ea magnam quisquam aliquam sequi sed praesentium. Similique est maiores. Tempora sed ad dolores error deserunt possimus sed perferendis molestiae. Doloribus fuga velit ipsum voluptatem ut ducimus.",
    "dateLastEdited": "2018-07-27T21:33:53.485Z"
  },
  {
    "name": "District Metrics Executive",
    "image": "https://picsum.photos/640/480",
    "description": "Odit repudiandae et nemo voluptas quae. Voluptatibus inventore iure deserunt aliquid qui esse. Impedit molestias ea sed. Neque perspiciatis excepturi odit. Quibusdam facere dolor. Adipisci recusandae recusandae.",
    "dateLastEdited": "2018-07-14T21:01:42.717Z"
  },
  {
    "name": "International Brand Analyst",
    "image": "https://picsum.photos/640/480",
    "description": "Fuga cupiditate dolorum eos. Quia vel et eos qui tempora. Et et et et alias at suscipit. Corporis eum nostrum recusandae similique rerum sit perferendis ut. Qui excepturi laborum est et fugit laborum.",
    "dateLastEdited": "2018-04-18T08:53:42.053Z"
  },
  {
    "name": "Human Factors Analyst",
    "image": "https://picsum.photos/640/480",
    "description": "Quis eos in repudiandae. Dicta dolore rerum unde sapiente. Consequatur ea rerum non alias et sapiente dolore aliquid. Eius quia delectus porro id non voluptas.",
    "dateLastEdited": "2018-07-27T05:58:52.006Z"
  },
  {
    "name": "Human Data Designer",
    "image": "https://picsum.photos/640/480",
    "description": "Vero enim dignissimos. Numquam harum facilis delectus itaque dolore libero omnis asperiores aut. Deserunt quas dolore omnis quibusdam aut. A nihil expedita repellat eaque unde eveniet voluptatum harum.",
    "dateLastEdited": "2018-06-05T03:48:43.495Z"
  },
  {
    "name": "Dynamic Identity Specialist",
    "image": "https://picsum.photos/640/480",
    "description": "Quasi temporibus hic et accusantium. Ea et ullam illum esse quae ea adipisci. Rerum nihil quod ex error voluptatem voluptatem et culpa. Nemo voluptatem veritatis fugiat molestiae officiis adipisci. Perferendis et sed illum.",
    "dateLastEdited": "2018-01-02T05:52:11.738Z"
  },
  {
    "name": "Chief Brand Orchestrator",
    "image": "https://picsum.photos/640/480",
    "description": "Doloremque consequatur expedita excepturi dolores debitis. Aperiam illum dolorum officia officia consequatur sint reiciendis. Ut veniam eos nam vel. Beatae sit qui tenetur. Fugit illum cum. Vitae cupiditate maiores aut pariatur corporis.",
    "dateLastEdited": "2017-10-15T21:10:51.560Z"
  },
  {
    "name": "Legacy Metrics Agent",
    "image": "https://picsum.photos/640/480",
    "description": "Animi omnis et aliquid sunt aut dolorem sit non blanditiis. Vel odio dolor excepturi quos voluptatibus est voluptas quis vitae. Id fugiat quam quo quisquam corrupti. Laborum veritatis autem voluptatem et.",
    "dateLastEdited": "2018-07-15T12:27:12.644Z"
  },
  {
    "name": "Regional Intranet Developer",
    "image": "https://picsum.photos/640/480",
    "description": "Corrupti voluptates sint esse voluptatem sed hic sint. Esse ad optio. Eius et mollitia rem voluptatum.",
    "dateLastEdited": "2018-09-21T11:13:56.528Z"
  },
  {
    "name": "Human Directives Analyst",
    "image": "https://picsum.photos/640/480",
    "description": "Sint accusamus sed quidem ab ut quis ut. Id unde eaque voluptatem pariatur sit blanditiis sequi. Repellat deserunt id autem blanditiis dicta eius quis et debitis. Culpa minus asperiores. Rerum delectus id magni consequatur quas voluptas ea tenetur et.",
    "dateLastEdited": "2018-07-25T16:58:58.248Z"
  },
  {
    "name": "Chief Optimization Specialist",
    "image": "https://picsum.photos/640/480",
    "description": "Repudiandae aut et voluptas voluptas. Voluptas quod ad labore. Earum nihil sint. Deserunt sint voluptatem ratione tempora at eos provident et accusantium. Sunt tempora porro dolorem necessitatibus labore molestiae blanditiis. Labore quam molestiae quos vel omnis nihil.",
    "dateLastEdited": "2018-07-29T00:53:13.319Z"
  },
  {
    "name": "Future Division Director",
    "image": "https://picsum.photos/640/480",
    "description": "Quibusdam at id sint voluptatem maxime inventore eos praesentium. Aliquam veritatis harum voluptate hic voluptas voluptate. Est delectus voluptas laborum maxime recusandae. Qui et enim numquam voluptate. Sint sed neque odit.",
    "dateLastEdited": "2018-05-03T22:18:42.033Z"
  },
  {
    "name": "Dynamic Metrics Designer",
    "image": "https://picsum.photos/640/480",
    "description": "Consequatur expedita velit asperiores maxime. Enim fuga qui error eum qui nobis. Et quod quidem quia et aut temporibus officia optio officiis. Quia porro aut velit omnis maxime aut dolore dicta ut.",
    "dateLastEdited": "2018-05-30T16:08:49.672Z"
  },
  {
    "name": "Dynamic Marketing Consultant",
    "image": "https://picsum.photos/640/480",
    "description": "Officia vero non illum nesciunt perferendis quia porro. Voluptatibus suscipit esse labore odit harum laudantium magni. Sit facere quia qui quam est nostrum sed dolorum.",
    "dateLastEdited": "2017-10-20T10:14:54.170Z"
  },
  {
    "name": "Investor Brand Executive",
    "image": "https://picsum.photos/640/480",
    "description": "Vel ex explicabo. Quibusdam impedit ratione eligendi qui ea animi. Dolores molestiae non. Ipsum et vitae aperiam fugiat deleniti repellendus magnam animi. Illo esse dolores ad.",
    "dateLastEdited": "2017-12-26T16:08:21.252Z"
  },
  {
    "name": "Investor Quality Executive",
    "image": "https://picsum.photos/640/480",
    "description": "Voluptatem itaque eos voluptatibus. Sunt ea molestiae consequatur quidem et sequi vero. Id blanditiis aspernatur iure ea officia dolores deleniti. Porro autem molestias animi eum et atque et. Fuga et culpa.",
    "dateLastEdited": "2017-10-29T03:07:31.136Z"
  },
  {
    "name": "Global Interactions Producer",
    "image": "https://picsum.photos/640/480",
    "description": "Aliquam sit quam veniam consequatur voluptatibus fugit repellat ut. Impedit quia culpa et quia sapiente cum autem vitae. Aliquid error provident vel quod quibusdam. Quis eum quis est cum qui.",
    "dateLastEdited": "2018-03-25T11:35:31.378Z"
  },
  {
    "name": "District Data Officer",
    "image": "https://picsum.photos/640/480",
    "description": "Perspiciatis suscipit eius. Atque dolorem eligendi rerum et aut laborum et quidem. Excepturi minima omnis debitis necessitatibus suscipit voluptatem neque.",
    "dateLastEdited": "2018-01-19T11:21:04.700Z"
  },
  {
    "name": "Investor Brand Planner",
    "image": "https://picsum.photos/640/480",
    "description": "Recusandae quibusdam cum voluptatem nisi et veritatis assumenda iusto. Optio pariatur pariatur eveniet non voluptate ipsum corporis. Consequatur et commodi ut enim molestiae maiores culpa iure. Qui dolor distinctio ex perferendis omnis soluta sunt omnis accusantium. Sequi adipisci voluptate sunt minus et aut vel.",
    "dateLastEdited": "2018-07-01T02:45:03.972Z"
  },
  {
    "name": "Chief Identity Technician",
    "image": "https://picsum.photos/640/480",
    "description": "Ipsum quis blanditiis enim. Ut ut nisi laborum impedit veritatis. Quia pariatur laboriosam iure esse est necessitatibus velit. Voluptates et nam occaecati eius ut repudiandae saepe quo. Non velit delectus voluptatem sint fugit facilis.",
    "dateLastEdited": "2018-05-30T02:46:09.709Z"
  },
  {
    "name": "Legacy Optimization Strategist",
    "image": "https://picsum.photos/640/480",
    "description": "Explicabo voluptas et rem expedita voluptatum. Sunt excepturi tempora dicta id voluptates blanditiis voluptas quia quo. Qui officiis et. Quibusdam ut perferendis exercitationem aperiam. Omnis voluptas quos dolorem ut molestias.",
    "dateLastEdited": "2018-03-21T01:39:59.868Z"
  },
  {
    "name": "Global Operations Liaison",
    "image": "https://picsum.photos/640/480",
    "description": "Recusandae aut voluptas velit tempora mollitia. Culpa aut eius repudiandae ab molestias earum. Unde in sit tempora et.",
    "dateLastEdited": "2018-06-16T06:28:24.120Z"
  },
  {
    "name": "Human Brand Liaison",
    "image": "https://picsum.photos/640/480",
    "description": "Iure id sapiente quae et alias nam sit. Qui harum dolorem sapiente magnam id qui dolores dolorem voluptatem. Excepturi ea nesciunt quo ab voluptates sint amet dignissimos. Corrupti reiciendis odit.",
    "dateLastEdited": "2018-01-17T19:45:09.541Z"
  },
  {
    "name": "Internal Assurance Manager",
    "image": "https://picsum.photos/640/480",
    "description": "Excepturi distinctio tempora numquam praesentium necessitatibus ipsum. Molestiae amet saepe odio vero et laboriosam ipsum. Doloremque distinctio molestiae optio.",
    "dateLastEdited": "2018-09-26T09:54:00.243Z"
  },
  {
    "name": "Legacy Usability Engineer",
    "image": "https://picsum.photos/640/480",
    "description": "Hic tempora dolore. Odio sequi ut. Eaque nobis est exercitationem et reiciendis saepe quo. Saepe nulla quidem aut dolor architecto vero quas dolores. Culpa atque odit vitae quod.",
    "dateLastEdited": "2017-11-19T04:29:23.828Z"
  },
  {
    "name": "Regional Paradigm Developer",
    "image": "https://picsum.photos/640/480",
    "description": "Nulla veniam rerum nihil et vel cupiditate. Sunt dolorem quaerat assumenda exercitationem tempore. Ut qui eveniet cupiditate quam qui beatae. Cumque et nihil autem vel ut et qui. Qui voluptatem dolores temporibus assumenda vel odit.",
    "dateLastEdited": "2018-03-27T13:05:43.761Z"
  },
  {
    "name": "Central Implementation Coordinator",
    "image": "https://picsum.photos/640/480",
    "description": "Aut et voluptatum laudantium labore et. Molestiae modi esse qui. Ex quidem animi. Dolore consequatur ut occaecati rem id rem est quia quidem. Sit in delectus et vero. Sed quibusdam asperiores ut.",
    "dateLastEdited": "2018-04-25T06:05:37.034Z"
  },
  {
    "name": "Direct Data Facilitator",
    "image": "https://picsum.photos/640/480",
    "description": "Sint atque minus qui officiis. Numquam recusandae sint sit est harum consectetur. Qui sequi veniam nihil porro temporibus commodi illo praesentium ab. Et eum aut nihil fugit voluptates deserunt explicabo dolore. Qui neque quis quasi voluptates et beatae atque rerum. Temporibus soluta repellat.",
    "dateLastEdited": "2018-01-21T15:58:42.942Z"
  },
  {
    "name": "District Applications Representative",
    "image": "https://picsum.photos/640/480",
    "description": "Libero optio nihil minima corporis aspernatur fugiat quia. Ea qui cupiditate impedit provident quas et accusamus occaecati quidem. Ut corrupti eum corporis id velit necessitatibus voluptatem est quibusdam. Deleniti qui quam perferendis reprehenderit ut.",
    "dateLastEdited": "2018-06-13T05:21:41.581Z"
  },
  {
    "name": "Regional Marketing Developer",
    "image": "https://picsum.photos/640/480",
    "description": "Consequatur enim quo. Vitae non autem quas. Omnis accusantium suscipit consequatur eaque ut voluptatibus est. Qui non atque quasi. Ut rerum aut totam temporibus. Beatae aliquam voluptatem dolorum nobis quia omnis deleniti esse voluptas.",
    "dateLastEdited": "2018-10-05T01:06:12.605Z"
  },
  {
    "name": "Corporate Integration Specialist",
    "image": "https://picsum.photos/640/480",
    "description": "Dolor nihil ex culpa quam perferendis aut id perferendis laborum. Provident dolor eos nesciunt libero perspiciatis. Est commodi enim expedita molestiae ea necessitatibus quod voluptatem.",
    "dateLastEdited": "2017-12-07T00:39:04.794Z"
  },
  {
    "name": "Chief Security Agent",
    "image": "https://picsum.photos/640/480",
    "description": "Aspernatur at debitis aliquam dolor labore quia. Quaerat tenetur qui quis. Laudantium tempore qui praesentium veritatis doloremque consequatur possimus quasi. Iure aspernatur atque tenetur itaque error aut natus harum.",
    "dateLastEdited": "2018-06-22T11:24:11.391Z"
  },
  {
    "name": "Senior Marketing Director",
    "image": "https://picsum.photos/640/480",
    "description": "Quia fuga et et exercitationem officiis soluta repellendus et ut. Quas nam sint quo magni nihil laboriosam reiciendis voluptatem fugit. Dolores et facilis architecto. Voluptate eum nam exercitationem quis voluptatem rerum laborum.",
    "dateLastEdited": "2018-02-05T03:50:27.307Z"
  },
  {
    "name": "Lead Solutions Engineer",
    "image": "https://picsum.photos/640/480",
    "description": "Facere ducimus facilis molestiae. Pariatur optio hic pariatur velit accusamus. Fugit ratione blanditiis delectus. Architecto dolor omnis. Minima reiciendis eos quos. Quis tempore libero sed odit animi vitae enim porro eos.",
    "dateLastEdited": "2017-10-16T22:16:25.514Z"
  },
  {
    "name": "Human Configuration Developer",
    "image": "https://picsum.photos/640/480",
    "description": "Qui nesciunt ab rerum enim. Minima dolorum optio repellat molestiae sunt. Molestias ut ratione ut.",
    "dateLastEdited": "2017-12-14T16:47:17.612Z"
  },
  {
    "name": "Future Program Assistant",
    "image": "https://picsum.photos/640/480",
    "description": "Commodi aperiam perferendis modi dolor laudantium neque non hic non. Nam ducimus et. Enim eius autem quasi quia. Sed voluptatem illum dolore. Sit aliquid repellat cum illo nesciunt et recusandae aut iure.",
    "dateLastEdited": "2018-05-07T13:44:42.938Z"
  },
  {
    "name": "International Directives Manager",
    "image": "https://picsum.photos/640/480",
    "description": "Velit velit sit veniam et neque. Omnis maiores non iure sed. Mollitia quibusdam dolorem sunt et qui et veritatis voluptatum. Placeat autem molestiae nobis maxime et qui quis enim dignissimos. Magni ut veniam dolores mollitia aut culpa laborum expedita. Qui suscipit ipsa a ullam qui.",
    "dateLastEdited": "2018-05-10T06:50:29.679Z"
  },
  {
    "name": "Dynamic Security Director",
    "image": "https://picsum.photos/640/480",
    "description": "Molestiae magni in dolores sint totam vero sed quia. Sequi officiis labore. Cum quidem quas. Ipsam quibusdam aliquid in ad suscipit id quae. Ut porro possimus pariatur fugit laudantium sapiente deserunt culpa quas. Incidunt et repellat dolore.",
    "dateLastEdited": "2018-05-10T08:52:57.843Z"
  },
  {
    "name": "Future Marketing Representative",
    "image": "https://picsum.photos/640/480",
    "description": "Ipsum necessitatibus sequi aut. Fugit placeat qui in beatae qui tempora aut. Omnis consectetur ullam consectetur voluptatibus ipsum dignissimos. Quis laborum porro magni quae qui dignissimos. Voluptatem voluptas ea et et quam.",
    "dateLastEdited": "2018-09-20T12:09:33.329Z"
  },
  {
    "name": "Lead Quality Technician",
    "image": "https://picsum.photos/640/480",
    "description": "Tenetur deleniti aut molestiae maxime. Placeat nihil et ducimus et cum id voluptate sed. Maiores iure quia modi. At et cum et quas ad voluptas vel et.",
    "dateLastEdited": "2018-07-12T10:36:05.630Z"
  },
  {
    "name": "Internal Applications Developer",
    "image": "https://picsum.photos/640/480",
    "description": "Laborum et cumque nulla velit ipsa in. Voluptatum voluptatem autem officia aliquid nihil. Ipsam consectetur cumque veniam omnis sed magnam dolor eos.",
    "dateLastEdited": "2018-05-08T15:46:18.949Z"
  },
  {
    "name": "Regional Creative Manager",
    "image": "https://picsum.photos/640/480",
    "description": "Sed incidunt et maiores dignissimos ex qui sunt accusantium. Pariatur harum omnis veritatis temporibus accusantium. Est qui assumenda expedita omnis est et fuga laboriosam. Quis id placeat repudiandae rem. Quibusdam fugit soluta unde. Voluptatem neque est omnis non omnis.",
    "dateLastEdited": "2018-09-04T14:46:40.895Z"
  },
  {
    "name": "Customer Branding Officer",
    "image": "https://picsum.photos/640/480",
    "description": "Facere vel delectus. Quia quae veniam autem sapiente non nihil aut distinctio voluptatem. Dolorum optio earum ut. Qui illum ullam itaque qui vero cupiditate. Sunt et voluptas. Quidem autem est qui hic exercitationem.",
    "dateLastEdited": "2017-11-24T04:58:39.686Z"
  },
  {
    "name": "Principal Group Supervisor",
    "image": "https://picsum.photos/640/480",
    "description": "Et aliquid laboriosam dolor est facere. Eos repellendus dignissimos. Non pariatur est quibusdam quod praesentium. Veniam quia eius. Quia quae deleniti sequi.",
    "dateLastEdited": "2017-11-15T21:08:05.379Z"
  },
  {
    "name": "Senior Tactics Manager",
    "image": "https://picsum.photos/640/480",
    "description": "Esse eos et inventore tempore odit rerum illo est non. Sit aut deleniti. Molestiae corrupti nulla. Consequatur repellendus dolores aut qui reiciendis ipsam aperiam sapiente sed.",
    "dateLastEdited": "2018-05-03T19:19:33.831Z"
  },
  {
    "name": "Regional Brand Planner",
    "image": "https://picsum.photos/640/480",
    "description": "Dolor fugit quam. Non qui nostrum fuga molestiae dolores blanditiis ad quia unde. Numquam ipsa tempora quo nihil illum recusandae omnis inventore. Aperiam suscipit porro incidunt quia saepe.",
    "dateLastEdited": "2018-04-14T11:17:48.149Z"
  },
  {
    "name": "Customer Creative Executive",
    "image": "https://picsum.photos/640/480",
    "description": "Saepe vel et reprehenderit rerum iusto. Dolor distinctio adipisci molestias labore quo ut blanditiis veritatis ab. Laborum ipsum ipsum optio corrupti est ut commodi et harum. Qui nobis enim voluptatum.",
    "dateLastEdited": "2018-09-08T04:33:44.014Z"
  },
  {
    "name": "Regional Program Facilitator",
    "image": "https://picsum.photos/640/480",
    "description": "Enim totam earum voluptatem nihil aperiam ut. Sit fugiat deserunt earum velit vero voluptatem exercitationem corporis cumque. Architecto optio iure consequuntur unde autem fugiat laudantium et quod. Alias omnis laboriosam excepturi commodi recusandae et. Veritatis eius non illum accusamus.",
    "dateLastEdited": "2018-02-07T17:14:45.323Z"
  },
  {
    "name": "Corporate Response Developer",
    "image": "https://picsum.photos/640/480",
    "description": "Libero saepe distinctio ut voluptas voluptas nostrum facere. Sit et possimus assumenda ut non dolore. Odit vel quo non ab nemo.",
    "dateLastEdited": "2018-09-25T08:16:16.355Z"
  },
  {
    "name": "Human Configuration Manager",
    "image": "https://picsum.photos/640/480",
    "description": "Voluptatem molestias velit ut nihil quibusdam quia. Aut perferendis vero aut quam odio. Sunt quia odit magnam porro ea. Voluptatem veniam eius est ut. Quaerat magni in. Non aliquam iste nostrum omnis repudiandae harum rerum at.",
    "dateLastEdited": "2017-11-15T19:05:42.487Z"
  },
  {
    "name": "Investor Marketing Specialist",
    "image": "https://picsum.photos/640/480",
    "description": "Magni eaque atque autem dolor. Mollitia beatae ratione. Voluptatem et dolore fuga at fugiat nesciunt quibusdam qui quia. Totam sunt deserunt saepe explicabo. Cupiditate aut provident quasi et beatae hic.",
    "dateLastEdited": "2018-02-26T19:31:24.641Z"
  },
  {
    "name": "Chief Operations Specialist",
    "image": "https://picsum.photos/640/480",
    "description": "Aliquid tenetur saepe velit voluptas quo iste sapiente. Est hic accusamus assumenda ut debitis optio numquam est. Reiciendis nostrum quaerat corporis adipisci nemo velit deserunt repellat. Nihil maiores esse eaque voluptatibus quos dolores officiis voluptatibus voluptas. Illum laudantium autem.",
    "dateLastEdited": "2018-08-22T04:22:31.878Z"
  },
  {
    "name": "Forward Operations Designer",
    "image": "https://picsum.photos/640/480",
    "description": "Voluptas dolorem doloribus corporis voluptatum. Illum voluptate consequatur rerum delectus. Enim culpa velit consequuntur quis. Ab mollitia ducimus. Dolorem aut saepe beatae autem et omnis illo amet.",
    "dateLastEdited": "2017-12-30T23:45:43.471Z"
  },
  {
    "name": "Global Brand Analyst",
    "image": "https://picsum.photos/640/480",
    "description": "Eos sapiente non magni sed optio. Ad at qui nemo. Eveniet quibusdam sint ut animi nisi doloremque. At in qui quo praesentium. Odio quia totam in ab aliquid maxime iure.",
    "dateLastEdited": "2018-09-08T19:55:37.470Z"
  },
  {
    "name": "Future Functionality Officer",
    "image": "https://picsum.photos/640/480",
    "description": "Magni ut eius impedit suscipit. Facere autem accusantium. Eligendi molestiae quibusdam eaque aliquid hic debitis. Iusto dolorem laudantium velit eveniet quia repudiandae omnis.",
    "dateLastEdited": "2017-12-10T07:12:57.891Z"
  },
  {
    "name": "Lead Identity Director",
    "image": "https://picsum.photos/640/480",
    "description": "Nam praesentium voluptate enim perspiciatis doloremque et sint ut. Non modi aperiam quia sed quia omnis inventore quaerat. Quasi at doloremque dolorem eos repudiandae. Qui rerum dolor rerum illum vel doloribus nihil.",
    "dateLastEdited": "2018-01-18T03:31:04.896Z"
  },
  {
    "name": "Customer Assurance Analyst",
    "image": "https://picsum.photos/640/480",
    "description": "Placeat sit aut. Accusamus et possimus. Veniam vitae necessitatibus. Laborum veritatis molestiae sed.",
    "dateLastEdited": "2018-07-15T17:36:05.500Z"
  },
  {
    "name": "Lead Markets Administrator",
    "image": "https://picsum.photos/640/480",
    "description": "Unde repellat eos nemo est fugit. Aliquid accusamus iure aspernatur commodi alias culpa. Commodi quae vitae consequatur assumenda rem ea. Beatae illo veritatis consequatur esse. Animi est voluptatem. Dicta rerum dolore.",
    "dateLastEdited": "2018-08-09T23:00:05.748Z"
  },
  {
    "name": "International Applications Assistant",
    "image": "https://picsum.photos/640/480",
    "description": "Aut qui omnis sunt voluptas aut est vero pariatur sit. Ipsam delectus explicabo totam debitis doloribus in. Velit voluptates asperiores.",
    "dateLastEdited": "2018-02-17T13:24:08.855Z"
  },
  {
    "name": "Human Data Facilitator",
    "image": "https://picsum.photos/640/480",
    "description": "Et enim dolor eum natus ea quis. Et accusamus inventore voluptatum qui iure culpa optio. Natus et maxime optio in consequatur minus quia voluptatem.",
    "dateLastEdited": "2017-12-03T19:12:48.972Z"
  },
  {
    "name": "The Lord of the Rings: The Return of the King",
    "image": "https://picsum.photos/640/480",
    "description": "Nihil hic neque dignissimos totam omnis ut aut. Fugiat voluptatem rem quisquam provident est odit. Necessitatibus veniam architecto quia. Rerum deserunt reiciendis velit voluptatem tempora iusto similique. Atque mollitia pariatur quia voluptatem qui laborum laborum rerum molestias.",
    "dateLastEdited": "2018-08-06T08:27:26.187Z"
  },
  {
    "name": "Principal Operations Architect",
    "image": "https://picsum.photos/640/480",
    "description": "Mollitia corporis doloribus neque omnis. Laborum est fugit voluptatem libero atque. Facilis reiciendis ex perspiciatis eaque amet in voluptas recusandae. Magni in soluta ut repellat error. Exercitationem quidem molestiae hic omnis qui doloremque nihil sint. Architecto illo aut repellat quia vel officiis occaecati iure.",
    "dateLastEdited": "2017-10-19T20:02:03.047Z"
  },
  {
    "name": "Chief Program Consultant",
    "image": "https://picsum.photos/640/480",
    "description": "Sed ipsa ea. Ut voluptas ratione non. Assumenda et illum.",
    "dateLastEdited": "2017-11-03T06:57:30.229Z"
  },
  {
    "name": "Senior Security Agent",
    "image": "https://picsum.photos/640/480",
    "description": "Ratione perferendis id sint maiores. Omnis aut libero facilis ipsa sed rerum saepe quo. Nesciunt eaque iure.",
    "dateLastEdited": "2017-12-30T20:10:58.661Z"
  },
  {
    "name": "Central Creative Producer",
    "image": "https://picsum.photos/640/480",
    "description": "Et qui rerum voluptatibus molestias. Eos id incidunt adipisci eum ratione dolores deleniti consectetur rem. Pariatur soluta inventore est facere maiores.",
    "dateLastEdited": "2018-07-17T00:19:24.296Z"
  },
  {
    "name": "District Solutions Orchestrator",
    "image": "https://picsum.photos/640/480",
    "description": "Laboriosam occaecati modi sit voluptatem. Quis harum rerum similique at. The Lion King. Et porro eum quia eligendi doloribus aut. Tenetur provident maxime quod illum vitae excepturi. Nemo ipsum non.",
    "dateLastEdited": "2018-10-03T18:56:53.492Z"
  },
  {
    "name": "Future Response Engineer",
    "image": "https://picsum.photos/640/480",
    "description": "Id voluptas sapiente. Qui ipsam inventore exercitationem ut quia. Et qui saepe aperiam. Dolorem consequatur non praesentium totam molestiae odit consequuntur. Et beatae error doloribus ducimus.",
    "dateLastEdited": "2018-04-02T00:56:46.852Z"
  },
  {
    "name": "District Quality Agent",
    "image": "https://picsum.photos/640/480",
    "description": "Mollitia at facilis illum delectus eius pariatur id cumque autem. Nihil nihil dolore. Eaque non sint sint recusandae accusantium ut voluptas aut.",
    "dateLastEdited": "2018-07-12T16:42:47.999Z"
  },
  {
    "name": "Central Research Strategist",
    "image": "https://picsum.photos/640/480",
    "description": "Sed eaque et et atque sit. Vel dolorem cupiditate ducimus. Ea iste aut omnis est reiciendis aliquid eos. Explicabo quae rerum dolorum nostrum aut. Dolores at quidem ipsam rerum quis vitae veniam est voluptatibus. Odio veniam expedita laborum voluptatum vero repellat consectetur.",
    "dateLastEdited": "2017-11-19T09:55:34.391Z"
  },
  {
    "name": "Customer Web Specialist",
    "image": "https://picsum.photos/640/480",
    "description": "Tempore aliquam debitis. Alias quia ut commodi omnis nisi omnis. Eaque aut expedita consequatur.",
    "dateLastEdited": "2017-10-29T23:03:55.220Z"
  },
  {
    "name": "Global Brand Associate",
    "image": "https://picsum.photos/640/480",
    "description": "Et accusamus voluptate cum aut corporis. Accusantium error delectus quia. Placeat ipsum dolore autem. Sunt harum nisi nobis dolor quas.",
    "dateLastEdited": "2018-01-09T11:16:21.029Z"
  },
  {
    "name": "Chief Research Representative",
    "image": "https://picsum.photos/640/480",
    "description": "Numquam cumque quis necessitatibus. Praesentium est atque quia voluptas aspernatur id laboriosam vitae voluptatem. Officiis consequatur molestiae et qui omnis cumque et. Voluptate quaerat quidem iure at rerum incidunt debitis iste. Minus et et.",
    "dateLastEdited": "2018-02-14T12:50:53.623Z"
  },
  {
    "name": "Product Usability Planner",
    "image": "https://picsum.photos/640/480",
    "description": "Facere dolorum autem officiis vel. Laudantium alias praesentium inventore. Voluptates repudiandae consequatur tenetur quod quia dolor eius laudantium omnis. Et voluptatibus ipsa placeat a delectus. Deserunt quia libero soluta id quo. Aperiam sit a neque.",
    "dateLastEdited": "2018-06-18T15:02:55.097Z"
  },
  {
    "name": "Lead Marketing Orchestrator",
    "image": "https://picsum.photos/640/480",
    "description": "Voluptatem repudiandae veritatis aut adipisci tenetur. Eligendi in enim qui quo quod. Vitae est ipsam dignissimos eveniet harum.",
    "dateLastEdited": "2017-10-24T00:39:12.365Z"
  },
  {
    "name": "Product Paradigm Assistant",
    "image": "https://picsum.photos/640/480",
    "description": "Tenetur magnam ut nihil libero vitae fuga vero. Est tempora minus. Illo dolor ut debitis a sit blanditiis quas. Accusantium quis pariatur id fugit et. Nemo incidunt quia est aperiam est consequatur.",
    "dateLastEdited": "2018-06-03T11:34:35.056Z"
  },
  {
    "name": "Internal Directives Designer",
    "image": "https://picsum.photos/640/480",
    "description": "Et voluptatum voluptates placeat. Consequatur id est id in qui. Voluptatibus alias veritatis cupiditate quaerat voluptas mollitia.",
    "dateLastEdited": "2018-05-28T16:16:20.737Z"
  },
  {
    "name": "National Metrics Designer",
    "image": "https://picsum.photos/640/480",
    "description": "Dolorem asperiores ex. Debitis quia molestias porro sunt vel maxime. Saepe illum soluta inventore iure doloribus. Molestias illum sed et quibusdam. Voluptatem fuga minus quae repudiandae unde delectus.",
    "dateLastEdited": "2018-05-10T05:05:31.957Z"
  },
  {
    "name": "Dynamic Interactions Supervisor",
    "image": "https://picsum.photos/640/480",
    "description": "Sunt modi id nemo quod magni incidunt qui fugiat. Delectus perspiciatis hic ut. Beatae hic hic aliquam voluptatibus fuga sunt.",
    "dateLastEdited": "2018-02-22T13:00:25.259Z"
  },
  {
    "name": "Human Solutions Planner",
    "image": "https://picsum.photos/640/480",
    "description": "Necessitatibus numquam nobis molestias nam. Expedita ut qui quia et dolor aperiam ea nulla. Facilis quia dolore ab asperiores culpa. Vel enim magnam in. Molestias qui modi qui consequatur. Placeat ea reiciendis dolorum ratione ea tenetur illo.",
    "dateLastEdited": "2017-11-24T02:05:31.358Z"
  },
  {
    "name": "Dynamic Division Strategist",
    "image": "https://picsum.photos/640/480",
    "description": "Qui animi est nemo sunt repudiandae illum. Accusantium illo dolorem atque enim ad. Blanditiis illo unde at inventore sed et. Odit culpa nostrum libero blanditiis perferendis. Dolorem et occaecati soluta et molestiae consequuntur.",
    "dateLastEdited": "2018-02-24T02:39:51.099Z"
  },
  {
    "name": "Regional Functionality Analyst",
    "image": "https://picsum.photos/640/480",
    "description": "Sed impedit repellat molestiae debitis. Neque cumque animi aut aspernatur eum dicta unde atque. Est pariatur quidem rem. Placeat qui esse qui minus.",
    "dateLastEdited": "2017-12-15T00:59:02.355Z"
  },
  {
    "name": "Chief Mobility Officer",
    "image": "https://picsum.photos/640/480",
    "description": "Hic esse laborum. Perferendis quos eligendi. Quo laudantium occaecati molestiae deserunt voluptatum eum doloribus.",
    "dateLastEdited": "2018-02-01T12:00:57.113Z"
  },
  {
    "name": "Human Web Agent",
    "image": "https://picsum.photos/640/480",
    "description": "Vitae dolor natus aut aut. Totam dolor porro. Rem est repellendus voluptas eos soluta. The Lord of the Rings: The Return of the King",
    "dateLastEdited": "2018-04-16T09:57:36.659Z"
  },
  {
    "name": "Human Mobility Supervisor",
    "image": "https://picsum.photos/640/480",
    "description": "Perspiciatis qui ut expedita et itaque. Aut illum aliquid ea quod velit in facilis qui. Laboriosam omnis a eius. Fugit accusantium adipisci eaque ex quia magnam. A neque cupiditate ea aliquam earum. Facilis officiis ex veniam laborum.",
    "dateLastEdited": "2018-04-09T05:04:54.193Z"
  },
  {
    "name": "Dynamic Marketing Orchestrator",
    "image": "https://picsum.photos/640/480",
    "description": "Molestiae aperiam alias qui est nostrum aut quod et. Sapiente eos aut vel veritatis ut numquam placeat impedit doloremque. Hic ut est sint ea. Ipsam aspernatur aut a dolorum incidunt qui deserunt porro cum.",
    "dateLastEdited": "2018-04-20T10:59:25.642Z"
  },
  {
    "name": "Direct Web Engineer",
    "image": "https://picsum.photos/640/480",
    "description": "Recusandae nisi et pariatur laborum officiis tempora minus omnis quia. Voluptas labore consequatur quo ad voluptatem animi illo. Facilis nihil temporibus veniam veniam qui assumenda. Doloribus dolore aut et enim alias voluptatibus impedit pariatur. Assumenda sunt qui molestiae ut vel corrupti eligendi et omnis.",
    "dateLastEdited": "2017-12-08T13:51:50.102Z"
  },
  {
    "name": "Principal Operations Specialist",
    "image": "https://picsum.photos/640/480",
    "description": "Dolores debitis nobis inventore a nesciunt voluptatem molestias. Placeat rem placeat dolorem eveniet et beatae praesentium autem excepturi. Repellendus tempore tempora enim repudiandae voluptas officiis voluptatibus maiores accusantium. Et omnis hic quis libero nulla fuga. Occaecati totam voluptas deleniti aliquam recusandae.",
    "dateLastEdited": "2018-06-29T13:39:32.615Z"
  },
  {
    "name": "Human Communications Representative",
    "image": "https://picsum.photos/640/480",
    "description": "Libero qui magnam necessitatibus sed suscipit id qui tempora maxime. Qui magnam voluptatibus aliquam iusto ducimus ab qui sint. Possimus sunt odit ullam voluptatem illum. Qui sed magnam nostrum doloribus deserunt assumenda nulla voluptatem.",
    "dateLastEdited": "2018-09-08T19:41:14.883Z"
  },
  {
    "name": "Human Security Technician",
    "image": "https://picsum.photos/640/480",
    "description": "In ut qui itaque ut maiores. Vel ut incidunt necessitatibus error officia porro ut omnis. Laboriosam explicabo aut officia qui fugit fuga eos nam. Eius culpa commodi. Quia quia aut odio rem velit temporibus et velit est.",
    "dateLastEdited": "2018-05-13T16:46:50.572Z"
  },
  {
    "name": "International Paradigm Associate",
    "image": "https://picsum.photos/640/480",
    "description": "Velit amet perspiciatis sed ratione ut quidem. Et libero eos cum eligendi praesentium est quo cupiditate nihil. Ut vero magni praesentium veritatis inventore iste. Laborum assumenda officia et non sit atque aut fuga. Voluptatum rem et ex nesciunt doloremque illum tempore quia eligendi. Dolor magnam modi adipisci ratione et doloribus repellat sunt ut.",
    "dateLastEdited": "2017-11-21T13:00:14.940Z"
  },
  {
    "name": "Legacy Applications Officer",
    "image": "https://picsum.photos/640/480",
    "description": "Vero vitae saepe veniam exercitationem aliquid repellat voluptatem repellendus qui. Nam non ut adipisci veritatis et est nemo. Voluptatem sed minima magni iure ut. Est quisquam et. Qui quod deleniti tempora modi.",
    "dateLastEdited": "2018-07-30T19:49:44.004Z"
  },
  {
    "name": "Direct Mobility Developer",
    "image": "https://picsum.photos/640/480",
    "description": "Odit nulla eligendi sint temporibus delectus in tempore rem omnis. Voluptas quis cumque rerum sed mollitia non. Et debitis nostrum assumenda sunt dolor voluptas velit corporis dolor. Voluptas sapiente consectetur velit odio et nobis et beatae. Id cum illum illum est. Quod est tempore voluptas.",
    "dateLastEdited": "2018-07-14T00:32:04.280Z"
  },
  {
    "name": "National Factors Administrator",
    "image": "https://picsum.photos/640/480",
    "description": "Debitis repellat eius qui consequatur debitis vitae suscipit. Sit eveniet doloribus placeat velit non. Totam quo deserunt laboriosam necessitatibus eum eveniet. Iste et voluptates sapiente dolor accusantium.",
    "dateLastEdited": "2018-01-13T17:36:02.447Z"
  },
  {
    "name": "Forward Integration Manager",
    "image": "https://picsum.photos/640/480",
    "description": "Eveniet assumenda omnis excepturi dolor eaque. Laboriosam inventore tempore quo assumenda quos quae recusandae aliquid corrupti. Vitae vitae ut dignissimos atque.",
    "dateLastEdited": "2017-12-19T21:45:52.172Z"
  },
  {
    "name": "Corporate Integration Consultant",
    "image": "https://picsum.photos/640/480",
    "description": "Quisquam voluptatem nihil et voluptatem temporibus sapiente. Laboriosam adipisci nihil repudiandae ex. Eius eum eaque. Similique sint fugit molestiae soluta dolore nobis aut.",
    "dateLastEdited": "2018-01-24T19:00:10.561Z"
  },
  {
    "name": "The Lion King",
    "image": "https://picsum.photos/640/480",
    "description": "Fugiat praesentium aspernatur accusantium praesentium blanditiis modi. Ipsam dignissimos odio eum aut fugit aliquam error facilis explicabo. Voluptatum eaque ullam voluptate hic dolorem dolores ab quod. Incidunt consequatur nam et voluptatem reprehenderit quibusdam hic aut. Architecto voluptas numquam est natus quis. Reprehenderit eaque voluptas voluptas nihil cupiditate.",
    "dateLastEdited": "2017-12-28T04:21:00.923Z"
  },
  {
    "name": "Senior Quality Consultant",
    "image": "https://picsum.photos/640/480",
    "description": "A et aut repellat minus qui fugiat. Sapiente unde voluptatem vel nihil. Ut perferendis fugiat dolores est enim voluptatem dolorum qui cum.",
    "dateLastEdited": "2018-09-12T11:28:51.962Z"
  },
  {
    "name": "District Data Liaison",
    "image": "https://picsum.photos/640/480",
    "description": "Quis autem quia eos. Similique saepe error qui magnam sint doloremque quo quasi voluptatibus. Pariatur error repudiandae aut libero omnis esse voluptatem numquam. Est repellendus quo maxime iusto in inventore tempora harum.",
    "dateLastEdited": "2018-03-03T20:20:14.943Z"
  }
]
